[
  {
    "imagesDirectory": "/com/example/maps/images/alumniHall/",
    "floors": [
      {
        "image": "ground.jpg",
        "name": "Ground Floor"
      },
      {
        "image": "first.jpg",
        "name": "First Floor"
      },
      {
        "image": "stage.jpg",
        "name": "Stage Floor"
      }
    ],
    "name": "Alumni Hall"
  },
  {
    "imagesDirectory": "/com/example/maps/images/labatt/",
    "floors": [
      {
        "image": "ground.jpg",
        "name": "Ground Floor"
      },
      {
        "image": "second.jpg",
        "name": "Second Floor"
      },
      {
        "image": "third.jpg",
        "name": "Third Floor"
      },
      {
        "image": "fourth.jpg",
        "name": "Fourth Floor"
      }
    ],
    "name": "Labatt Health Sciences"
  },
  {
    "imagesDirectory": "/com/example/maps/images/middlesex/",
    "floors": [
      {
        "image": "ground.jpg",
        "name": "Ground Floor"
      },
      {
        "image": "first.jpg",
        "name": "First Floor"
      },
      {
        "image": "second.jpg",
        "name": "Second Floor"
      },
      {
        "image": "third.jpg",
        "name": "Third Floor"
      },
      {
        "image": "fourth.jpg",
        "name": "Fourth Floor"
      }
    ],
    "name": "Middlesex College"
  }
]