[{
  "firstName": "John",
  "lastName": "Dev",
  "password": "ef92b778bafe771e89245b89ecbc08a44a4e166c06659911881f383d4473e94f",
  "email": "john@gmail.com",
  "points": [
    {
      "additionalInformation": "Seating Type: Tab Arm; Fixed\nLectern: Portable\nWriting Surface: 16-ft Sliding Chalkboard\nProjection Screen: 8-ft Motorized\nWindow Treatment: Manual Blinds",
      "buildingName": "Middlesex College",
      "hours": "24/7",
      "roomNumber": "MC 17",
      "name": "MC 17 | Middlesex College | Ground Floor",
      "x": 457.99999999999943,
      "y": 444.3999999999993,
      "roomCapacity": "48",
      "floorName": "Ground Floor",
      "type": "Classroom"
    },
    {
      "additionalInformation": "Seating Type: Tab Arm; Fixed\nLectern: Portable\nWriting Surface: 20-ft Fixed Whiteboard\nProjection Screen(s): 8-ft Motorized (2)\nWindow Treatment: Manual Blinds",
      "buildingName": "Middlesex College",
      "hours": "24/7",
      "roomNumber": "MC 105B",
      "name": "MC 105B | Middlesex College | First Floor",
      "x": 220.40000000000003,
      "y": 581.5999999999998,
      "roomCapacity": "144",
      "floorName": "First Floor",
      "type": "Classroom"
    },
    {
      "additionalInformation": "Lectern: Portable\nWriting Surfaces: 24-ft Horizontal Sliding Chalkboard; 8-ft Moveable Chalkboard\nProjection Screen(s): 10-ft Motorized (2)\nWindow Treatment: Manual Curtains; Manual Blinds",
      "buildingName": "Middlesex College",
      "hours": "24/7",
      "roomNumber": "MC 110",
      "name": "MC 110 | Middlesex College | First Floor",
      "x": 850.4000000000003,
      "y": 343.19999999999976,
      "roomCapacity": "380",
      "floorName": "First Floor",
      "type": "Classroom"
    },
    {
      "additionalInformation": "Men's Washroom",
      "buildingName": "Middlesex College",
      "hours": "",
      "roomNumber": "MC 100",
      "name": "MC 100 | Middlesex College | First Floor",
      "x": 695.6000000000009,
      "y": 508.39999999999986,
      "roomCapacity": "",
      "floorName": "First Floor",
      "type": "Washroom"
    },
    {
      "additionalInformation": "Women's Washroom",
      "buildingName": "Middlesex College",
      "hours": "",
      "roomNumber": "MC 139",
      "name": "MC 139 | Middlesex College | First Floor",
      "x": 1356.8000000000006,
      "y": 665.6000000000007,
      "roomCapacity": "",
      "floorName": "First Floor",
      "type": "Washroom"
    },
    {
      "additionalInformation": "",
      "buildingName": "Middlesex College",
      "hours": "",
      "roomNumber": "ST.3",
      "name": "ST.3 | Middlesex College | First Floor",
      "x": 1005.6000000000001,
      "y": 500.0000000000001,
      "roomCapacity": "",
      "floorName": "First Floor",
      "type": "Navigation"
    },
    {
      "additionalInformation": "",
      "buildingName": "Middlesex College",
      "hours": "",
      "roomNumber": "ST.2",
      "name": "ST.2 | Middlesex College | First Floor",
      "x": 353.60000000000025,
      "y": 653.1999999999998,
      "roomCapacity": "",
      "floorName": "First Floor",
      "type": "Navigation"
    },
    {
      "additionalInformation": "",
      "buildingName": "Middlesex College",
      "hours": "",
      "roomNumber": "ST.1",
      "name": "ST.1 | Middlesex College | First Floor",
      "x": 132.00000000000068,
      "y": 711.1999999999991,
      "roomCapacity": "",
      "floorName": "First Floor",
      "type": "Navigation"
    },
    {
      "additionalInformation": "",
      "buildingName": "Middlesex College",
      "hours": "",
      "roomNumber": "ST.5",
      "name": "ST.5 | Middlesex College | First Floor",
      "x": 1487.6000000000015,
      "y": 738.7999999999997,
      "roomCapacity": "",
      "floorName": "First Floor",
      "type": "Navigation"
    },
    {
      "additionalInformation": "Elevator",
      "buildingName": "Middlesex College",
      "hours": "",
      "roomNumber": "EL.A",
      "name": "EL.A | Middlesex College | First Floor",
      "x": 930.3999999999996,
      "y": 450.40000000000015,
      "roomCapacity": "",
      "floorName": "First Floor",
      "type": "Navigation"
    },
    {
      "additionalInformation": "Elevator",
      "buildingName": "Middlesex College",
      "hours": "",
      "roomNumber": "EL.C",
      "name": "EL.C | Middlesex College | First Floor",
      "x": 1314.0000000000002,
      "y": 636.8000000000001,
      "roomCapacity": "",
      "floorName": "First Floor",
      "type": "Navigation"
    },
    {
      "additionalInformation": "Main Entry/Exit",
      "buildingName": "Middlesex College",
      "hours": "",
      "roomNumber": "EX.1",
      "name": "EX.1 | Middlesex College | First Floor",
      "x": 848.8000000000002,
      "y": 595.2000000000004,
      "roomCapacity": "",
      "floorName": "First Floor",
      "type": "Navigation"
    },
    {
      "additionalInformation": "Accessible Entry/Exit",
      "buildingName": "Middlesex College",
      "hours": "",
      "roomNumber": "EX.10",
      "name": "EX.10 | Middlesex College | First Floor",
      "x": 1286.0000000000005,
      "y": 677.1999999999998,
      "roomCapacity": "",
      "floorName": "First Floor",
      "type": "Accessibility"
    },
    {
      "additionalInformation": "",
      "buildingName": "Middlesex College",
      "hours": "",
      "roomNumber": "ST.1",
      "name": "ST.1 | Middlesex College | Ground Floor",
      "x": 135.59999999999962,
      "y": 712.7999999999994,
      "roomCapacity": "",
      "floorName": "Ground Floor",
      "type": "Navigation"
    },
    {
      "additionalInformation": "Men's Washroom",
      "buildingName": "Middlesex College",
      "hours": "",
      "roomNumber": "5B",
      "name": "5B | Middlesex College | Ground Floor",
      "x": 689.9999999999998,
      "y": 518.4000000000004,
      "roomCapacity": "",
      "floorName": "Ground Floor",
      "type": "Washroom"
    },
    {
      "additionalInformation": "Women's Washroom",
      "buildingName": "Middlesex College",
      "hours": "",
      "roomNumber": "4B",
      "name": "4B | Middlesex College | Ground Floor",
      "x": 750.7999999999998,
      "y": 500.80000000000075,
      "roomCapacity": "",
      "floorName": "Ground Floor",
      "type": "Washroom"
    },
    {
      "additionalInformation": "Elevator",
      "buildingName": "Middlesex College",
      "hours": "",
      "roomNumber": "EL.A",
      "name": "EL.A | Middlesex College | Ground Floor",
      "x": 923.6000000000001,
      "y": 455.60000000000014,
      "roomCapacity": "",
      "floorName": "Ground Floor",
      "type": "Navigation"
    },
    {
      "additionalInformation": "Elevator",
      "buildingName": "Middlesex College",
      "hours": "",
      "roomNumber": "EL.C",
      "name": "EL.C | Middlesex College | Ground Floor",
      "x": 1314.8,
      "y": 639.1999999999996,
      "roomCapacity": "",
      "floorName": "Ground Floor",
      "type": "Navigation"
    },
    {
      "additionalInformation": "Women's Washroom",
      "buildingName": "Middlesex College",
      "hours": "",
      "roomNumber": "205",
      "name": "205 | Middlesex College | Second Floor",
      "x": 695.2,
      "y": 503.1999999999997,
      "roomCapacity": "",
      "floorName": "Second Floor",
      "type": "Washroom"
    },
    {
      "additionalInformation": "Unisex Accessible Washroom",
      "buildingName": "Middlesex College",
      "hours": "",
      "roomNumber": "278",
      "name": "278 | Middlesex College | Second Floor",
      "x": 1348.0000000000016,
      "y": 673.9999999999993,
      "roomCapacity": "",
      "floorName": "Second Floor",
      "type": "Accessibility"
    },
    {
      "additionalInformation": "Elevator",
      "buildingName": "Middlesex College",
      "hours": "",
      "roomNumber": "EL.C",
      "name": "EL.C | Middlesex College | Fourth Floor",
      "x": 1315.1999999999978,
      "y": 640.0000000000001,
      "roomCapacity": "",
      "floorName": "Fourth Floor",
      "type": "Navigation"
    },
    {
      "additionalInformation": "",
      "buildingName": "Middlesex College",
      "hours": "",
      "roomNumber": "ST.3",
      "name": "ST.3 | Middlesex College | Fourth Floor",
      "x": 996.8000000000006,
      "y": 510.79999999999995,
      "roomCapacity": "",
      "floorName": "Fourth Floor",
      "type": "Navigation"
    },
    {
      "additionalInformation": "",
      "buildingName": "Middlesex College",
      "hours": "",
      "roomNumber": "ST.5",
      "name": "ST.5 | Middlesex College | Fourth Floor",
      "x": 1477.5999999999997,
      "y": 731.5999999999998,
      "roomCapacity": "",
      "floorName": "Fourth Floor",
      "type": "Navigation"
    },
    {
      "additionalInformation": "Men's Washroom",
      "buildingName": "Middlesex College",
      "hours": "",
      "roomNumber": "311",
      "name": "311 | Middlesex College | Third Floor",
      "x": 695.1999999999995,
      "y": 508.4,
      "roomCapacity": "",
      "floorName": "Third Floor",
      "type": "Washroom"
    },
    {
      "additionalInformation": "Women's Washroom",
      "buildingName": "Middlesex College",
      "hours": "",
      "roomNumber": "388",
      "name": "388 | Middlesex College | Third Floor",
      "x": 1053.2,
      "y": 515.5999999999998,
      "roomCapacity": "",
      "floorName": "Third Floor",
      "type": "Washroom"
    },
    {
      "additionalInformation": "Elevator",
      "buildingName": "Middlesex College",
      "hours": "",
      "roomNumber": "EL.C",
      "name": "EL.C | Middlesex College | Third Floor",
      "x": 1316.8,
      "y": 638,
      "roomCapacity": "",
      "floorName": "Third Floor",
      "type": "Navigation"
    },
    {
      "additionalInformation": "Elevator",
      "buildingName": "Middlesex College",
      "hours": "",
      "roomNumber": "EL.A",
      "name": "EL.A | Middlesex College | Third Floor",
      "x": 933.9999999999995,
      "y": 455.99999999999943,
      "roomCapacity": "",
      "floorName": "Third Floor",
      "type": "Navigation"
    },
    {
      "additionalInformation": "",
      "buildingName": "Middlesex College",
      "hours": "",
      "roomNumber": "ST.1",
      "name": "ST.1 | Middlesex College | Third Floor",
      "x": 119.99999999999966,
      "y": 720.3999999999996,
      "roomCapacity": "",
      "floorName": "Third Floor",
      "type": "Navigation"
    },
    {
      "additionalInformation": "",
      "buildingName": "Middlesex College",
      "hours": "",
      "roomNumber": "ST.2",
      "name": "ST.2 | Middlesex College | Third Floor",
      "x": 354.8000000000006,
      "y": 655.1999999999996,
      "roomCapacity": "",
      "floorName": "Third Floor",
      "type": "Navigation"
    },
    {
      "additionalInformation": "",
      "buildingName": "Middlesex College",
      "hours": "",
      "roomNumber": "ST.3",
      "name": "ST.3 | Middlesex College | Third Floor",
      "x": 998.4000000000012,
      "y": 514.8,
      "roomCapacity": "",
      "floorName": "Third Floor",
      "type": "Navigation"
    },
    {
      "additionalInformation": "",
      "buildingName": "Middlesex College",
      "hours": "",
      "roomNumber": "ST.5",
      "name": "ST.5 | Middlesex College | Third Floor",
      "x": 1489.9999999999968,
      "y": 731.9999999999993,
      "roomCapacity": "",
      "floorName": "Third Floor",
      "type": "Navigation"
    },
    {
      "additionalInformation": "",
      "buildingName": "Middlesex College",
      "hours": "",
      "roomNumber": "ST.1",
      "name": "ST.1 | Middlesex College | Second Floor",
      "x": 132.4000000000001,
      "y": 706.3999999999993,
      "roomCapacity": "",
      "floorName": "Second Floor",
      "type": "Navigation"
    },
    {
      "additionalInformation": "",
      "buildingName": "Middlesex College",
      "hours": "",
      "roomNumber": "ST.1",
      "name": "ST.1 | Middlesex College | Second Floor",
      "x": 352.0000000000006,
      "y": 660.4000000000002,
      "roomCapacity": "",
      "floorName": "Second Floor",
      "type": "Navigation"
    },
    {
      "additionalInformation": "",
      "buildingName": "Middlesex College",
      "hours": "",
      "roomNumber": "ST.3",
      "name": "ST.3 | Middlesex College | Second Floor",
      "x": 1004.4000000000003,
      "y": 498.79999999999916,
      "roomCapacity": "",
      "floorName": "Second Floor",
      "type": "Navigation"
    },
    {
      "additionalInformation": "",
      "buildingName": "Middlesex College",
      "hours": "",
      "roomNumber": "ST.5",
      "name": "ST.5 | Middlesex College | Second Floor",
      "x": 1489.2000000000016,
      "y": 738,
      "roomCapacity": "",
      "floorName": "Second Floor",
      "type": "Navigation"
    },
    {
      "additionalInformation": "Elevator",
      "buildingName": "Middlesex College",
      "hours": "",
      "roomNumber": "EL.C",
      "name": "EL.C | Middlesex College | Second Floor",
      "x": 1315.6000000000013,
      "y": 636.3999999999994,
      "roomCapacity": "",
      "floorName": "Second Floor",
      "type": "Navigation"
    },
    {
      "additionalInformation": "Elevator",
      "buildingName": "Middlesex College",
      "hours": "",
      "roomNumber": "EL.A",
      "name": "EL.A | Middlesex College | Second Floor",
      "x": 933.1999999999998,
      "y": 453.20000000000044,
      "roomCapacity": "",
      "floorName": "Second Floor",
      "type": "Navigation"
    },
    {
      "additionalInformation": "",
      "buildingName": "Middlesex College",
      "hours": "",
      "roomNumber": "ST.2",
      "name": "ST.2 | Middlesex College | Ground Floor",
      "x": 352.3999999999997,
      "y": 647.9999999999995,
      "roomCapacity": "",
      "floorName": "Ground Floor",
      "type": "Navigation"
    },
    {
      "additionalInformation": "",
      "buildingName": "Middlesex College",
      "hours": "",
      "roomNumber": "ST.3",
      "name": "ST.3 | Middlesex College | Ground Floor",
      "x": 1014.0000000000009,
      "y": 488.7999999999996,
      "roomCapacity": "",
      "floorName": "Ground Floor",
      "type": "Navigation"
    },
    {
      "additionalInformation": "",
      "buildingName": "Middlesex College",
      "hours": "",
      "roomNumber": "ST.6",
      "name": "ST.6 | Middlesex College | Ground Floor",
      "x": 506.79999999999956,
      "y": 364.0000000000006,
      "roomCapacity": "",
      "floorName": "Ground Floor",
      "type": "Navigation"
    },
    {
      "additionalInformation": "",
      "buildingName": "Middlesex College",
      "hours": "",
      "roomNumber": "ST.5",
      "name": "ST.5 | Middlesex College | Ground Floor",
      "x": 1481.999999999996,
      "y": 740.3999999999991,
      "roomCapacity": "",
      "floorName": "Ground Floor",
      "type": "Navigation"
    },
    {
      "additionalInformation": "Accessible Entry/Exit",
      "buildingName": "Middlesex College",
      "hours": "",
      "roomNumber": "EX.6",
      "name": "EX.6 | Middlesex College | Ground Floor",
      "x": 689.1999999999999,
      "y": 243.60000000000016,
      "roomCapacity": "",
      "floorName": "Ground Floor",
      "type": "Accessibility"
    },
    {
      "additionalInformation": "Workstations:  Intel Core i5; 16 GB RAM; SSD     \nSoftware:\nWindows 10\nMicrosoft Office 2016\nAdobe CS 6\nAudacity\nKompozer\n\nFacilities:\nNetwork printer\nProjector\nWhiteboard\nRFID room access",
      "buildingName": "Middlesex College",
      "hours": "24/7",
      "roomNumber": "MC 230",
      "name": "MC 230 | Middlesex College | Second Floor",
      "x": 139.60000000000014,
      "y": 600.4000000000009,
      "roomCapacity": "24",
      "floorName": "Second Floor",
      "type": "Lab"
    },
    {
      "additionalInformation": "Workstations:  Intel Core i5; 16 GB RAM; SSD     \nSoftware:\nWindows 10\nMicrosoft Office 2016\nAudacity\nKompozer",
      "buildingName": "Middlesex College",
      "hours": "",
      "roomNumber": "MC 235",
      "name": "MC 235 | Middlesex College | Second Floor",
      "x": 213.20000000000033,
      "y": 565.1999999999998,
      "roomCapacity": "24",
      "floorName": "Second Floor",
      "type": "Lab"
    },
    {
      "additionalInformation": "Workstations:  Intel Core i5; 16 GB RAM; SSD     \nSoftware:\nWindows 10\nMicrosoft Office 2016\nAudacity\nKompozer",
      "buildingName": "Middlesex College",
      "hours": "",
      "roomNumber": "MC 240",
      "name": "MC 240 | Middlesex College | Second Floor",
      "x": 372.4000000000005,
      "y": 496.39999999999986,
      "roomCapacity": "27",
      "floorName": "Second Floor",
      "type": "Lab"
    },
    {
      "additionalInformation": "Workstations:\n28 general-purpose workstations\nIntel Core i5; 16 GB RAM; SSD\n2 GPU workstations\nIntel Core i7; 16 GB RAM; SSD\nNVIDIA GeForce GTX 1060 (6 GB DDR)",
      "buildingName": "Middlesex College",
      "hours": "",
      "roomNumber": "MC 244",
      "name": "MC 244 | Middlesex College | Second Floor",
      "x": 494.00000000000006,
      "y": 441.5999999999997,
      "roomCapacity": "27",
      "floorName": "Second Floor",
      "type": "Lab"
    },
    {
      "additionalInformation": "Workstations:\n16 Windows 10 PCs\nIntel Core i5; 16 GB RAM; SSD\n2 Mac Minis\nmacOS Monterey 12.6\nIntel Core i7; 16 GB RAM; SS",
      "buildingName": "Middlesex College",
      "hours": "",
      "roomNumber": "MC 342",
      "name": "MC 342 | Middlesex College | Third Floor",
      "x": 631.2000000000005,
      "y": 367.2000000000002,
      "roomCapacity": "20",
      "floorName": "Third Floor",
      "type": "Lab"
    },
    {
      "additionalInformation": "Facilities:\nConference table with 8 seats\nWhiteboard",
      "buildingName": "Middlesex College",
      "hours": "",
      "roomNumber": "MC 220",
      "name": "MC 220 | Middlesex College | Second Floor",
      "x": 304.7999999999995,
      "y": 675.2000000000002,
      "roomCapacity": "8",
      "floorName": "Second Floor",
      "type": "Collaboration"
    },
    {
      "additionalInformation": "Facilities:\nConference table with 4 seats\nWhiteboard",
      "buildingName": "Middlesex College",
      "hours": "",
      "roomNumber": "MC 239",
      "name": "MC 239 | Middlesex College | Second Floor",
      "x": 313.1999999999997,
      "y": 573.9999999999997,
      "roomCapacity": "4",
      "floorName": "Second Floor",
      "type": "Collaboration"
    },
    {
      "additionalInformation": "Facilities:\n3 x collaboration pods with 6 seats each\n3 x 50\" NEC TVs\nMulti-HDMI connectivity\nPower connectivity\nRFID room access",
      "buildingName": "Middlesex College",
      "hours": "",
      "roomNumber": "MC 325",
      "name": "MC 325 | Middlesex College | Third Floor",
      "x": 284.3999999999999,
      "y": 712.8000000000001,
      "roomCapacity": "30",
      "floorName": "Third Floor",
      "type": "Collaboration"
    },
    {
      "additionalInformation": "Seating Type: Double Tables; Moveable Chairs\nLectern: Portable\nWriting Surface: 16-ft Fixed Whiteboard\nProjection Screens: 8-ft Motorized\nWindow Treatment: Manual Blinds",
      "buildingName": "Alumni Hall",
      "hours": "24/7",
      "roomNumber": "AH 101",
      "name": "AH 101 | Alumni Hall | First Floor",
      "x": 823.6000000000001,
      "y": 788.7999999999994,
      "roomCapacity": "12",
      "floorName": "First Floor",
      "type": "Classroom"
    },
    {
      "additionalInformation": "Women's Washroom",
      "buildingName": "Alumni Hall",
      "hours": "",
      "roomNumber": "102",
      "name": "102 | Alumni Hall | First Floor",
      "x": 727.1999999999999,
      "y": 698.7999999999995,
      "roomCapacity": "",
      "floorName": "First Floor",
      "type": "Washroom"
    },
    {
      "additionalInformation": "Men's Washroom",
      "buildingName": "Alumni Hall",
      "hours": "",
      "roomNumber": "108",
      "name": "108 | Alumni Hall | First Floor",
      "x": 725.2000000000006,
      "y": 330.79999999999995,
      "roomCapacity": "",
      "floorName": "First Floor",
      "type": "Washroom"
    },
    {
      "additionalInformation": "Unisex Accessible Washroom",
      "buildingName": "Alumni Hall",
      "hours": "",
      "roomNumber": "109",
      "name": "109 | Alumni Hall | First Floor",
      "x": 763.5999999999998,
      "y": 310.0000000000001,
      "roomCapacity": "",
      "floorName": "First Floor",
      "type": "Accessibility"
    },
    {
      "additionalInformation": "Unisex Accessible Washroom",
      "buildingName": "Alumni Hall",
      "hours": "",
      "roomNumber": "103",
      "name": "103 | Alumni Hall | First Floor",
      "x": 770.0000000000003,
      "y": 710.8000000000001,
      "roomCapacity": "",
      "floorName": "First Floor",
      "type": "Accessibility"
    },
    {
      "additionalInformation": "Main Entry/Exit",
      "buildingName": "Alumni Hall",
      "hours": "",
      "roomNumber": "EX.1",
      "name": "EX.1 | Alumni Hall | First Floor",
      "x": 938.799999999999,
      "y": 513.2000000000002,
      "roomCapacity": "",
      "floorName": "First Floor",
      "type": "Navigation"
    },
    {
      "additionalInformation": "",
      "buildingName": "Alumni Hall",
      "hours": "",
      "roomNumber": "ST.1",
      "name": "ST.1 | Alumni Hall | First Floor",
      "x": 801.6,
      "y": 870.8000000000004,
      "roomCapacity": "",
      "floorName": "First Floor",
      "type": "Navigation"
    },
    {
      "additionalInformation": "",
      "buildingName": "Alumni Hall",
      "hours": "",
      "roomNumber": "ST.2",
      "name": "ST.2 | Alumni Hall | First Floor",
      "x": 824.8,
      "y": 161.99999999999994,
      "roomCapacity": "",
      "floorName": "First Floor",
      "type": "Navigation"
    },
    {
      "additionalInformation": "",
      "buildingName": "Alumni Hall",
      "hours": "",
      "roomNumber": "ST.3",
      "name": "ST.3 | Alumni Hall | First Floor",
      "x": 377.60000000000025,
      "y": 265.9999999999999,
      "roomCapacity": "",
      "floorName": "First Floor",
      "type": "Navigation"
    },
    {
      "additionalInformation": "",
      "buildingName": "Alumni Hall",
      "hours": "",
      "roomNumber": "ST.4",
      "name": "ST.4 | Alumni Hall | First Floor",
      "x": 383.9999999999997,
      "y": 771.6000000000001,
      "roomCapacity": "",
      "floorName": "First Floor",
      "type": "Navigation"
    },
    {
      "additionalInformation": "Elevator",
      "buildingName": "Alumni Hall",
      "hours": "",
      "roomNumber": "EL.A",
      "name": "EL.A | Alumni Hall | First Floor",
      "x": 609.1999999999999,
      "y": 244.00000000000003,
      "roomCapacity": "",
      "floorName": "First Floor",
      "type": "Navigation"
    },
    {
      "additionalInformation": "Tunnel to Thames Hall",
      "buildingName": "Alumni Hall",
      "hours": "",
      "roomNumber": "Tunnel",
      "name": "Tunnel | Alumni Hall | Ground Floor",
      "x": 933.1999999999991,
      "y": 677.1999999999999,
      "roomCapacity": "",
      "floorName": "Ground Floor",
      "type": "Navigation"
    },
    {
      "additionalInformation": "",
      "buildingName": "Alumni Hall",
      "hours": "",
      "roomNumber": "ST.1",
      "name": "ST.1 | Alumni Hall | Ground Floor",
      "x": 833.6000000000001,
      "y": 881.1999999999997,
      "roomCapacity": "",
      "floorName": "Ground Floor",
      "type": "Navigation"
    },
    {
      "additionalInformation": "",
      "buildingName": "Alumni Hall",
      "hours": "",
      "roomNumber": "ST.2",
      "name": "ST.2 | Alumni Hall | Ground Floor",
      "x": 1208.8000000000002,
      "y": 485.1999999999998,
      "roomCapacity": "",
      "floorName": "Ground Floor",
      "type": "Classroom"
    },
    {
      "additionalInformation": "",
      "buildingName": "Alumni Hall",
      "hours": "",
      "roomNumber": "ST.2",
      "name": "ST.2 | Alumni Hall | Ground Floor",
      "x": 841.5999999999996,
      "y": 141.20000000000016,
      "roomCapacity": "",
      "floorName": "Ground Floor",
      "type": "Navigation"
    },
    {
      "additionalInformation": "",
      "buildingName": "Alumni Hall",
      "hours": "",
      "roomNumber": "ST.3",
      "name": "ST.3 | Alumni Hall | Ground Floor",
      "x": 385.2,
      "y": 264.79999999999995,
      "roomCapacity": "",
      "floorName": "Ground Floor",
      "type": "Navigation"
    },
    {
      "additionalInformation": "",
      "buildingName": "Alumni Hall",
      "hours": "",
      "roomNumber": "ST.4",
      "name": "ST.4 | Alumni Hall | Ground Floor",
      "x": 390.79999999999995,
      "y": 768.4000000000001,
      "roomCapacity": "",
      "floorName": "Ground Floor",
      "type": "Navigation"
    },
    {
      "additionalInformation": "Men's Washroom",
      "buildingName": "Alumni Hall",
      "hours": "",
      "roomNumber": "12",
      "name": "12 | Alumni Hall | Ground Floor",
      "x": 852.4000000000005,
      "y": 744.8000000000002,
      "roomCapacity": "",
      "floorName": "Ground Floor",
      "type": "Washroom"
    },
    {
      "additionalInformation": "Women's Washroom",
      "buildingName": "Alumni Hall",
      "hours": "",
      "roomNumber": "13",
      "name": "13 | Alumni Hall | Ground Floor",
      "x": 874.8,
      "y": 692.3999999999999,
      "roomCapacity": "",
      "floorName": "Ground Floor",
      "type": "Washroom"
    },
    {
      "additionalInformation": "Elevator",
      "buildingName": "Alumni Hall",
      "hours": "",
      "roomNumber": "EL.A",
      "name": "EL.A | Alumni Hall | Ground Floor",
      "x": 609.2000000000002,
      "y": 238.7999999999999,
      "roomCapacity": "",
      "floorName": "Ground Floor",
      "type": "Navigation"
    },
    {
      "additionalInformation": "",
      "buildingName": "Alumni Hall",
      "hours": "",
      "roomNumber": "ST.1",
      "name": "ST.1 | Alumni Hall | Stage Floor",
      "x": 849.2000000000007,
      "y": 874.4,
      "roomCapacity": "",
      "floorName": "Stage Floor",
      "type": "Navigation"
    },
    {
      "additionalInformation": "",
      "buildingName": "Alumni Hall",
      "hours": "",
      "roomNumber": "ST.2",
      "name": "ST.2 | Alumni Hall | Stage Floor",
      "x": 857.2000000000002,
      "y": 140.80000000000035,
      "roomCapacity": "",
      "floorName": "Stage Floor",
      "type": "Navigation"
    },
    {
      "additionalInformation": "",
      "buildingName": "Alumni Hall",
      "hours": "",
      "roomNumber": "ST.3",
      "name": "ST.3 | Alumni Hall | Stage Floor",
      "x": 391.99999999999943,
      "y": 255.59999999999965,
      "roomCapacity": "",
      "floorName": "Stage Floor",
      "type": "Navigation"
    },
    {
      "additionalInformation": "",
      "buildingName": "Alumni Hall",
      "hours": "",
      "roomNumber": "ST.4",
      "name": "ST.4 | Alumni Hall | Stage Floor",
      "x": 401.99999999999983,
      "y": 762.7999999999995,
      "roomCapacity": "",
      "floorName": "Stage Floor",
      "type": "Navigation"
    },
    {
      "additionalInformation": "Stage/Basketball Court\n",
      "buildingName": "Alumni Hall",
      "hours": "",
      "roomNumber": "201",
      "name": "201 | Alumni Hall | Stage Floor",
      "x": 560.799999999999,
      "y": 528.4000000000005,
      "roomCapacity": "",
      "floorName": "Stage Floor",
      "type": "Recreation"
    },
    {
      "additionalInformation": "Elevator",
      "buildingName": "Alumni Hall",
      "hours": "",
      "roomNumber": "EL.A",
      "name": "EL.A | Alumni Hall | Stage Floor",
      "x": 631.2000000000003,
      "y": 237.60000000000008,
      "roomCapacity": "",
      "floorName": "Stage Floor",
      "type": "Navigation"
    },
    {
      "additionalInformation": "Exit the stage",
      "buildingName": "Alumni Hall",
      "hours": "",
      "roomNumber": "EX.6",
      "name": "EX.6 | Alumni Hall | Stage Floor",
      "x": 474.80000000000035,
      "y": 234.00000000000003,
      "roomCapacity": "",
      "floorName": "Stage Floor",
      "type": "Navigation"
    },
    {
      "additionalInformation": "Open Mon-Fri",
      "buildingName": "Middlesex College",
      "hours": "8 am - 11pm",
      "roomNumber": "19",
      "name": "19 | Middlesex College | Ground Floor",
      "x": 848.7999999999998,
      "y": 298.4000000000001,
      "roomCapacity": "",
      "floorName": "Ground Floor",
      "type": "Restaurant"
    },
    {
      "additionalInformation": "Seating Type: Double Tables; Moveable Chairs\nLectern: Portable\nWriting Surface: 32-ft Fixed Whiteboard\nProjection Screen(s):8-ft Motorized (2)\nWindow Treatment: Motorized Blinds",
      "buildingName": "Labatt Health Schiences",
      "hours": "24/7",
      "roomNumber": "HSB 9",
      "name": "HSB 9 | Labatt Health Schiences | Ground Floor",
      "x": 338,
      "y": 667,
      "roomCapacity": "50",
      "floorName": "Ground Floor",
      "type": "Classroom"
    },
    {
      "additionalInformation": "Seating Type: Continuous Table; Fixed Chairs\nLectern: Portable\nWriting Surface: 24-ft Fixed Whiteboard\nProjections Screen(s): 8-ft Motorized (2)\nWindow Treatment: Motorized Blinds",
      "buildingName": "Labatt Health Schiences",
      "hours": "24/7",
      "roomNumber": "HSB 11",
      "name": "HSB 11 | Labatt Health Schiences | Ground Floor",
      "x": 304,
      "y": 494,
      "roomCapacity": "50",
      "floorName": "Ground Floor",
      "type": "Classroom"
    },
    {
      "additionalInformation": "Seating Type: Continuous Table; Fixed Chairs\nLectern: Portable\nWriting Surfaces: 24-ft Vertical Sliding Whiteboards\nProjection Screen(s): 10-ft Motorized (2)\nWindow Treatment: No Windows",
      "buildingName": "Labatt Health Schiences",
      "hours": "24/7",
      "roomNumber": "HSB 35",
      "name": "HSB 35 | Labatt Health Schiences | Ground Floor",
      "x": 805,
      "y": 172,
      "roomCapacity": "142",
      "floorName": "Ground Floor",
      "type": "Classroom"
    },
    {
      "additionalInformation": "Seating Type: Continuous Table; Fixed Chairs\nLectern: Portable\nWriting Surfaces: 24-ft Vertical Sliding Whiteboards\nProjection Screen(s): 10-ft Motorized (2)\nWindow Treatment: No Windows",
      "buildingName": "Labatt Health Schiences",
      "hours": "24/7",
      "roomNumber": "HSB 35",
      "name": "HSB 35 | Labatt Health Schiences | Ground Floor",
      "x": 805,
      "y": 191,
      "roomCapacity": "142",
      "floorName": "Ground Floor",
      "type": "Accessibility"
    },
    {
      "additionalInformation": "Seating Type: Theatre Seating; Tab Arm\nLectern: Portable\nWriting Surface: 30-ft Sliding Whiteboard\nProjection Screen(s): 12-ft Motorized(1); 10-ft Motorized(1)\nWindow Treatment: Motorized Blinds",
      "buildingName": "Labatt Health Schiences",
      "hours": "24/7",
      "roomNumber": "HSB 40",
      "name": "HSB 40 | Labatt Health Schiences | Ground Floor",
      "x": 1245,
      "y": 487,
      "roomCapacity": "500",
      "floorName": "Ground Floor",
      "type": "Classroom"
    },
    {
      "additionalInformation": "Main Entrance/Exit",
      "buildingName": "Labatt Health Schiences",
      "hours": "",
      "roomNumber": "EX. 2",
      "name": "EX. 2 | Labatt Health Schiences | Ground Floor",
      "x": 834,
      "y": 777,
      "roomCapacity": "",
      "floorName": "Ground Floor",
      "type": "Navigation"
    },
    {
      "additionalInformation": "Side Entrance/Exit",
      "buildingName": "Labatt Health Schiences",
      "hours": "",
      "roomNumber": "EX. 7",
      "name": "EX. 7 | Labatt Health Schiences | Ground Floor",
      "x": 963,
      "y": 220,
      "roomCapacity": "",
      "floorName": "Ground Floor",
      "type": "Navigation"
    },
    {
      "additionalInformation": "Back Entrance/Exit",
      "buildingName": "Labatt Health Schiences",
      "hours": "",
      "roomNumber": "EX. 3",
      "name": "EX. 3 | Labatt Health Schiences | Ground Floor",
      "x": 235,
      "y": 616,
      "roomCapacity": "",
      "floorName": "Ground Floor",
      "type": "Navigation"
    },
    {
      "additionalInformation": "Elevator",
      "buildingName": "Labatt Health Schiences",
      "hours": "",
      "roomNumber": "EL. 1",
      "name": "EL. 1 | Labatt Health Schiences | Ground Floor",
      "x": 846,
      "y": 526,
      "roomCapacity": "",
      "floorName": "Ground Floor",
      "type": "Navigation"
    },
    {
      "additionalInformation": "Elevator",
      "buildingName": "Labatt Health Schiences",
      "hours": "",
      "roomNumber": "EL .2",
      "name": "EL .2 | Labatt Health Schiences | Ground Floor",
      "x": 887,
      "y": 526,
      "roomCapacity": "",
      "floorName": "Ground Floor",
      "type": "Navigation"
    },
    {
      "additionalInformation": "Staircase",
      "buildingName": "Labatt Health Schiences",
      "hours": "",
      "roomNumber": "ST. 1",
      "name": "ST. 1 | Labatt Health Schiences | Ground Floor",
      "x": 982,
      "y": 735,
      "roomCapacity": "",
      "floorName": "Ground Floor",
      "type": "Navigation"
    },
    {
      "additionalInformation": "Accessible Entrance",
      "buildingName": "Labatt Health Schiences",
      "hours": "",
      "roomNumber": "EX. 1",
      "name": "EX. 1 | Labatt Health Schiences | Ground Floor",
      "x": 987,
      "y": 748,
      "roomCapacity": "",
      "floorName": "Ground Floor",
      "type": "Accessibility"
    },
    {
      "additionalInformation": "Current Hours\nMon - Wed (7:30am-3pm)\nThu (7:30am-1pm)\nFri - Sun (Closed)",
      "buildingName": "Labatt Health Schiences",
      "hours": "7:30 am - 1 pm (Mon-Thur)",
      "roomNumber": "Tim Hortons Coffee",
      "name": "Tim Hortons Coffee | Labatt Health Schiences | Ground Floor",
      "x": 780,
      "y": 1086,
      "roomCapacity": "None",
      "floorName": "Ground Floor",
      "type": "Restaurant"
    },
    {
      "additionalInformation": "Tim Hortons - Always Fresh!\nCurrent Hours\nMon - Wed (7:30am-3pm)\nThu (7:30am-1pm)\nFri - Sun (Closed)",
      "buildingName": "Labatt Health Schiences",
      "hours": "Mon - Wed (7:30am-3pm)Thu (7:30am-1pm)Fri - Sun (Closed)",
      "roomNumber": "15A",
      "name": "15A | Labatt Health Schiences | Ground Floor",
      "x": 618,
      "y": 676,
      "roomCapacity": "",
      "floorName": "Ground Floor",
      "type": "Restaurant"
    },
    {
      "additionalInformation": "Men's Washroom",
      "buildingName": "Labatt Health Schiences",
      "hours": "",
      "roomNumber": "22",
      "name": "22 | Labatt Health Schiences | Ground Floor",
      "x": 846,
      "y": 408,
      "roomCapacity": "",
      "floorName": "Ground Floor",
      "type": "Washroom"
    },
    {
      "additionalInformation": "Accessible Men's Washroom",
      "buildingName": "Labatt Health Schiences",
      "hours": "",
      "roomNumber": "22",
      "name": "22 | Labatt Health Schiences | Ground Floor",
      "x": 846,
      "y": 428,
      "roomCapacity": "",
      "floorName": "Ground Floor",
      "type": "Accessibility"
    },
    {
      "additionalInformation": "Women's Washroom",
      "buildingName": "Labatt Health Schiences",
      "hours": "",
      "roomNumber": "20",
      "name": "20 | Labatt Health Schiences | Ground Floor",
      "x": 850,
      "y": 468,
      "roomCapacity": "",
      "floorName": "Ground Floor",
      "type": "Washroom"
    },
    {
      "additionalInformation": "Accessible Women's Washroom",
      "buildingName": "Labatt Health Schiences",
      "hours": "",
      "roomNumber": "20",
      "name": "20 | Labatt Health Schiences | Ground Floor",
      "x": 850,
      "y": 489,
      "roomCapacity": "",
      "floorName": "Ground Floor",
      "type": "Accessibility"
    },
    {
      "additionalInformation": "Accessible Side Entrance",
      "buildingName": "Labatt Health Schiences",
      "hours": "",
      "roomNumber": "EX. 7",
      "name": "EX. 7 | Labatt Health Schiences | Ground Floor",
      "x": 962,
      "y": 240,
      "roomCapacity": "",
      "floorName": "Ground Floor",
      "type": "Accessibility"
    },
    {
      "additionalInformation": "Staircase",
      "buildingName": "Labatt Health Schiences",
      "hours": "",
      "roomNumber": "ST. 4",
      "name": "ST. 4 | Labatt Health Schiences | Ground Floor",
      "x": 214,
      "y": 566,
      "roomCapacity": "",
      "floorName": "Ground Floor",
      "type": "Navigation"
    },
    {
      "additionalInformation": "Staircase",
      "buildingName": "Labatt Health Schiences",
      "hours": "",
      "roomNumber": "ST. 3",
      "name": "ST. 3 | Labatt Health Schiences | Ground Floor",
      "x": 837,
      "y": 376,
      "roomCapacity": "",
      "floorName": "Ground Floor",
      "type": "Navigation"
    },
    {
      "additionalInformation": "GenLab",
      "buildingName": "Labatt Health Schiences",
      "hours": "8:00 a.m. - 10:30 p.m.",
      "roomNumber": "HSB 13",
      "name": "HSB 13 | Labatt Health Schiences | Ground Floor",
      "x": 446,
      "y": 465,
      "roomCapacity": "",
      "floorName": "Ground Floor",
      "type": "Lab"
    },
    {
      "additionalInformation": "Genlab",
      "buildingName": "Labatt Health Schiences",
      "hours": "8:00 a.m. - 10:30 p.m.",
      "roomNumber": "HSB 14",
      "name": "HSB 14 | Labatt Health Schiences | Ground Floor",
      "x": 590,
      "y": 464,
      "roomCapacity": "",
      "floorName": "Ground Floor",
      "type": "Lab"
    },
    {
      "additionalInformation": "Genlab",
      "buildingName": "Labatt Health Schiences",
      "hours": "8:00 a.m. - 10:30 p.m.",
      "roomNumber": "HSB 16",
      "name": "HSB 16 | Labatt Health Schiences | Ground Floor",
      "x": 731,
      "y": 464,
      "roomCapacity": "",
      "floorName": "Ground Floor",
      "type": "Lab"
    },
    {
      "additionalInformation": "Seating Type: Continuous Table; Fixed Chairs\nLectern: Portable\nWriting Surface: 20-ft Sliding Whiteboard\nProjection Screen(s): 8-ft motorized (2)\nWindow Treatment: Motorized Blinds\n\n",
      "buildingName": "Labatt Health Schiences",
      "hours": "24/7",
      "roomNumber": "HSB 236",
      "name": "HSB 236 | Labatt Health Schiences | Second Floor",
      "x": 1095,
      "y": 435,
      "roomCapacity": "150",
      "floorName": "Second Floor",
      "type": "Classroom"
    },
    {
      "additionalInformation": "Seating Type: Continuous Table; Fixed Chairs\nLectern: Portable\nWriting Surface: 20-ft Sliding Whiteboard\nProjection Screen(s): 8-ft Motorized (2)\nWindow Treatment: Motorized Blinds",
      "buildingName": "Labatt Health Schiences",
      "hours": "24/7",
      "roomNumber": "HSB 240",
      "name": "HSB 240 | Labatt Health Schiences | Second Floor",
      "x": 1096,
      "y": 531,
      "roomCapacity": "150",
      "floorName": "Second Floor",
      "type": "Classroom"
    },
    {
      "additionalInformation": "Staircase",
      "buildingName": "Labatt Health Schiences",
      "hours": "",
      "roomNumber": "ST.2",
      "name": "ST.2 | Labatt Health Schiences | Second Floor",
      "x": 238,
      "y": 554,
      "roomCapacity": "",
      "floorName": "Second Floor",
      "type": "Navigation"
    },
    {
      "additionalInformation": "Staircase",
      "buildingName": "Labatt Health Schiences",
      "hours": "",
      "roomNumber": "ST. 1",
      "name": "ST. 1 | Labatt Health Schiences | Second Floor",
      "x": 909,
      "y": 731,
      "roomCapacity": "",
      "floorName": "Second Floor",
      "type": "Navigation"
    },
    {
      "additionalInformation": "Staircase",
      "buildingName": "Labatt Health Schiences",
      "hours": "",
      "roomNumber": "ST. 3",
      "name": "ST. 3 | Labatt Health Schiences | Second Floor",
      "x": 836,
      "y": 364,
      "roomCapacity": "",
      "floorName": "Second Floor",
      "type": "Navigation"
    },
    {
      "additionalInformation": "Elevator",
      "buildingName": "Labatt Health Schiences",
      "hours": "",
      "roomNumber": "EL. 1",
      "name": "EL. 1 | Labatt Health Schiences | Second Floor",
      "x": 842,
      "y": 523,
      "roomCapacity": "",
      "floorName": "Second Floor",
      "type": "Navigation"
    },
    {
      "additionalInformation": "Elevator",
      "buildingName": "Labatt Health Schiences",
      "hours": "",
      "roomNumber": "EL. 2",
      "name": "EL. 2 | Labatt Health Schiences | Second Floor",
      "x": 886,
      "y": 523,
      "roomCapacity": "",
      "floorName": "Second Floor",
      "type": "Navigation"
    },
    {
      "additionalInformation": "Men's Washroom",
      "buildingName": "Labatt Health Schiences",
      "hours": "",
      "roomNumber": "228",
      "name": "228 | Labatt Health Schiences | Second Floor",
      "x": 849,
      "y": 410,
      "roomCapacity": "",
      "floorName": "Second Floor",
      "type": "Washroom"
    },
    {
      "additionalInformation": "Accessible Men's Washroom",
      "buildingName": "Labatt Health Schiences",
      "hours": "",
      "roomNumber": "288",
      "name": "288 | Labatt Health Schiences | Second Floor",
      "x": 848,
      "y": 432,
      "roomCapacity": "",
      "floorName": "Second Floor",
      "type": "Accessibility"
    },
    {
      "additionalInformation": "Women's Washroom",
      "buildingName": "Labatt Health Schiences",
      "hours": "",
      "roomNumber": "226",
      "name": "226 | Labatt Health Schiences | Second Floor",
      "x": 846,
      "y": 472,
      "roomCapacity": "",
      "floorName": "Second Floor",
      "type": "Washroom"
    },
    {
      "additionalInformation": "Accessible Women's Washroom",
      "buildingName": "Labatt Health Schiences",
      "hours": "",
      "roomNumber": "226",
      "name": "226 | Labatt Health Schiences | Second Floor",
      "x": 846,
      "y": 493,
      "roomCapacity": "",
      "floorName": "Second Floor",
      "type": "Accessibility"
    },
    {
      "additionalInformation": "Unisex Washroom",
      "buildingName": "Labatt Health Schiences",
      "hours": "",
      "roomNumber": "200P",
      "name": "200P | Labatt Health Schiences | Second Floor",
      "x": 676,
      "y": 581,
      "roomCapacity": "",
      "floorName": "Second Floor",
      "type": "Washroom"
    },
    {
      "additionalInformation": "Accessible Unisex Washroom",
      "buildingName": "Labatt Health Schiences",
      "hours": "",
      "roomNumber": "200P",
      "name": "200P | Labatt Health Schiences | Second Floor",
      "x": 674,
      "y": 605,
      "roomCapacity": "",
      "floorName": "Second Floor",
      "type": "Accessibility"
    },
    {
      "additionalInformation": "Another Back Entrance/Exit",
      "buildingName": "Labatt Health Schiences",
      "hours": "",
      "roomNumber": "EX. 5",
      "name": "EX. 5 | Labatt Health Schiences | Ground Floor",
      "x": 434,
      "y": 286,
      "roomCapacity": "",
      "floorName": "Ground Floor",
      "type": "Navigation"
    },
    {
      "additionalInformation": "Entrance/Exit",
      "buildingName": "Labatt Health Schiences",
      "hours": "",
      "roomNumber": "EX. 1",
      "name": "EX. 1 | Labatt Health Schiences | Ground Floor",
      "x": 836,
      "y": 538,
      "roomCapacity": "",
      "floorName": "Ground Floor",
      "type": "Navigation"
    },
    {
      "additionalInformation": "Entrance/Exit",
      "buildingName": "Labatt Health Schiences",
      "hours": "",
      "roomNumber": "EX. 2A",
      "name": "EX. 2A | Labatt Health Schiences | Ground Floor",
      "x": 660,
      "y": 738,
      "roomCapacity": "",
      "floorName": "Ground Floor",
      "type": "Navigation"
    },
    {
      "additionalInformation": "Men's Washroom",
      "buildingName": "Labatt Health Schiences",
      "hours": "",
      "roomNumber": "325",
      "name": "325 | Labatt Health Schiences | Third Floor",
      "x": 875,
      "y": 445,
      "roomCapacity": "",
      "floorName": "Third Floor",
      "type": "Washroom"
    },
    {
      "additionalInformation": "Accessible Men's Washroom",
      "buildingName": "Labatt Health Schiences",
      "hours": "",
      "roomNumber": "325",
      "name": "325 | Labatt Health Schiences | Third Floor",
      "x": 845,
      "y": 446,
      "roomCapacity": "",
      "floorName": "Third Floor",
      "type": "Accessibility"
    },
    {
      "additionalInformation": "Women's Washroom",
      "buildingName": "Labatt Health Schiences",
      "hours": "",
      "roomNumber": "320",
      "name": "320 | Labatt Health Schiences | Third Floor",
      "x": 909,
      "y": 505,
      "roomCapacity": "",
      "floorName": "Third Floor",
      "type": "Washroom"
    },
    {
      "additionalInformation": "Accessible Women's Washroom",
      "buildingName": "Labatt Health Schiences",
      "hours": "",
      "roomNumber": "320",
      "name": "320 | Labatt Health Schiences | Third Floor",
      "x": 847,
      "y": 504,
      "roomCapacity": "",
      "floorName": "Third Floor",
      "type": "Accessibility"
    },
    {
      "additionalInformation": "Elevator ",
      "buildingName": "Labatt Health Schiences",
      "hours": "",
      "roomNumber": "EL. 1",
      "name": "EL. 1 | Labatt Health Schiences | Third Floor",
      "x": 843,
      "y": 532,
      "roomCapacity": "",
      "floorName": "Third Floor",
      "type": "Navigation"
    },
    {
      "additionalInformation": "Elevator",
      "buildingName": "Labatt Health Schiences",
      "hours": "",
      "roomNumber": "EL. 2",
      "name": "EL. 2 | Labatt Health Schiences | Third Floor",
      "x": 885,
      "y": 531,
      "roomCapacity": "",
      "floorName": "Third Floor",
      "type": "Navigation"
    },
    {
      "additionalInformation": "Staircase",
      "buildingName": "Labatt Health Schiences",
      "hours": "",
      "roomNumber": "ST.2",
      "name": "ST.2 | Labatt Health Schiences | Third Floor",
      "x": 211,
      "y": 566,
      "roomCapacity": "",
      "floorName": "Third Floor",
      "type": "Navigation"
    },
    {
      "additionalInformation": "Staircase",
      "buildingName": "Labatt Health Schiences",
      "hours": "",
      "roomNumber": "ST. 3",
      "name": "ST. 3 | Labatt Health Schiences | Third Floor",
      "x": 838,
      "y": 374,
      "roomCapacity": "",
      "floorName": "Third Floor",
      "type": "Navigation"
    },
    {
      "additionalInformation": "Accessible Entrance",
      "buildingName": "Labatt Health Schiences",
      "hours": "",
      "roomNumber": "TA. 304",
      "name": "TA. 304 | Labatt Health Schiences | Third Floor",
      "x": 974,
      "y": 380,
      "roomCapacity": "",
      "floorName": "Third Floor",
      "type": "Accessibility"
    },
    {
      "additionalInformation": "Elevator",
      "buildingName": "Labatt Health Schiences",
      "hours": "",
      "roomNumber": "EL. 1",
      "name": "EL. 1 | Labatt Health Schiences | Fourth Floor",
      "x": 843,
      "y": 532,
      "roomCapacity": "",
      "floorName": "Fourth Floor",
      "type": "Navigation"
    },
    {
      "additionalInformation": "Elevator",
      "buildingName": "Labatt Health Schiences",
      "hours": "",
      "roomNumber": "EL. 2",
      "name": "EL. 2 | Labatt Health Schiences | Fourth Floor",
      "x": 657,
      "y": 1139,
      "roomCapacity": "",
      "floorName": "Fourth Floor",
      "type": "Classroom"
    },
    {
      "additionalInformation": "Elevator ",
      "buildingName": "Labatt Health Schiences",
      "hours": "",
      "roomNumber": "EL. 2",
      "name": "EL. 2 | Labatt Health Schiences | Fourth Floor",
      "x": 884,
      "y": 530,
      "roomCapacity": "",
      "floorName": "Fourth Floor",
      "type": "Navigation"
    },
    {
      "additionalInformation": "Staircase",
      "buildingName": "Labatt Health Schiences",
      "hours": "",
      "roomNumber": "ST. 2",
      "name": "ST. 2 | Labatt Health Schiences | Fourth Floor",
      "x": 243,
      "y": 561,
      "roomCapacity": "",
      "floorName": "Fourth Floor",
      "type": "Navigation"
    },
    {
      "additionalInformation": "Staircase",
      "buildingName": "Labatt Health Schiences",
      "hours": "",
      "roomNumber": "ST. 3",
      "name": "ST. 3 | Labatt Health Schiences | Fourth Floor",
      "x": 833,
      "y": 371,
      "roomCapacity": "",
      "floorName": "Fourth Floor",
      "type": "Navigation"
    },
    {
      "additionalInformation": "Accessible Men's Washroom",
      "buildingName": "Labatt Health Schiences",
      "hours": "",
      "roomNumber": "423",
      "name": "423 | Labatt Health Schiences | Fourth Floor",
      "x": 845,
      "y": 444,
      "roomCapacity": "",
      "floorName": "Fourth Floor",
      "type": "Accessibility"
    },
    {
      "additionalInformation": "Men's Washroom",
      "buildingName": "Labatt Health Schiences",
      "hours": "",
      "roomNumber": "423",
      "name": "423 | Labatt Health Schiences | Fourth Floor",
      "x": 876,
      "y": 443,
      "roomCapacity": "",
      "floorName": "Fourth Floor",
      "type": "Washroom"
    },
    {
      "additionalInformation": "Accessible Women's Washroom",
      "buildingName": "Labatt Health Schiences",
      "hours": "",
      "roomNumber": "420",
      "name": "420 | Labatt Health Schiences | Fourth Floor",
      "x": 846,
      "y": 497,
      "roomCapacity": "",
      "floorName": "Fourth Floor",
      "type": "Accessibility"
    },
    {
      "additionalInformation": "Women's Washroom",
      "buildingName": "Labatt Health Schiences",
      "hours": "",
      "roomNumber": "420",
      "name": "420 | Labatt Health Schiences | Fourth Floor",
      "x": 880,
      "y": 498,
      "roomCapacity": "",
      "floorName": "Fourth Floor",
      "type": "Washroom"
    },
    {
      "additionalInformation": "Accessible Unisex Washroom",
      "buildingName": "Labatt Health Schiences",
      "hours": "",
      "roomNumber": "422",
      "name": "422 | Labatt Health Schiences | Fourth Floor",
      "x": 916,
      "y": 489,
      "roomCapacity": "",
      "floorName": "Fourth Floor",
      "type": "Accessibility"
    },
    {
      "additionalInformation": "Unisex Washroom",
      "buildingName": "Labatt Health Sciences",
      "hours": "",
      "roomNumber": "422",
      "name": "422 | Labatt Health Schiences | Fourth Floor",
      "x": 836,
      "y": 538,
      "roomCapacity": "",
      "floorName": "Fourth Floor",
      "type": "Washroom"
    },
    {
      "additionalInformation": "",
      "buildingName": "Middlesex College",
      "hours": "",
      "roomNumber": "New POI",
      "name": "New POI | Middlesex College | Ground Floor",
      "x": 827.2,
      "y": 571.5999999999997,
      "roomCapacity": "",
      "floorName": "Ground Floor",
      "type": "Classroom"
    }
  ]
}]